id,Tg,FFV,Tc,Density,Rg
1109053969,116.9500979453753,0.3690339405730168,0.23450115203366417,1.1137658367718388,17.214614476038513
1422188626,116.9500979453753,0.3690339405730168,0.23450115203366417,1.1137658367718388,17.214614476038513
2032016830,158.50033204193352,0.36800282187329064,0.23450115203366417,1.1084524705687135,18.681828920874892
